Tirane, Albania
Shkoder, Albania
Durres, Albania
Vlore, Albania
Elbasan, Albania
Korce, Albania
Andorra la Vella, Andorra
Eisenstadt, Austria
Klagenfurt, Austria
Bregenz, Austria
Vienna, Austria
Linz, Austria
Innsbruck, Austria
Graz, Austria
Salzburg, Austria
St. Polten, Austria
Minsk, Belarus
Antwerp, Belgium
Brussels, Belgium
Agglomeration, Belgium
Ghent, Belgium
Charleroi, Belgium
Mons, Belgium
Liege, Belgium
Hasselt, Belgium
Arlon, Belgium
Namur, Belgium
Bruges, Belgium
Brugge, Belgium
Bruegge, Belgium
Sarajevo, Bosnia and Herzegovina
Sofia, Bulgaria
Zagreb, Croatia
Ceske Budejovice, Czech Republic
Brno, Czech Republic
Zlin, Czech Republic
Liberec, Czech Republic
Usti nad Labem, Czech Republic
Ostrava, Czech Republic
Olomouc, Czech Republic
Prague, Czech Republic
Hradec Kralove, Czech Republic
Pardubice, Czech Republic
Plzen, Czech Republic
Copenhagen, Denmark
Aarhus, Denmark
Odense, Denmark
Aalborg, Denmark
Esbjerg, Denmark
Randers, Denmark
Tallinn, Estonia
Torshavn, Faroe Islands
Mariehamn, Finland
Haemeenlinna, Finland
Tampere, Finland
Lahti, Finland
Kuopio, Finland
Kotka, Finland
Lappeenrenta, Finland
Rovaniemi, Finland
Mikkeli, Finland
Jyvaeskylae, Finland
Joensuu, Finland
Oulu, Finland
Turku, Finland
Pori, Finland
Helsinki, Finland
Espoo, Finland
Vaasa, Finland
Strasbourg, France
Mulhouse, France
Bordeaux, France
Clermont Ferrand, France
Caen, France
Rennes, France
Brest, France
Dijon, France
Orleans, France
Tours, France
Reims, France
Chalons sur Marne, France
Ajaccio, France
Besancon, France
Rouen, France
Le Havre, France
Paris, France
Boulogne Billancourt, France
Montpellier, France
Nimes, France
Perpignan, France
Limoges, France
Metz, France
Nancy, France
Toulouse, France
Lille, France
Nantes, France
Angers, France
Le Mans, France
Amiens, France
Poitiers, France
Marseille, France
Nice, France
Toulon, France
Aix en Provence, France
Lyon, France
Grenoble, France
Saint Etienne, France
Villeurbanne, France
Stuttgart, Germany
Mannheim, Germany
Karlsruhe, Germany
Freiburg im Breisgau, Germany
Heidelberg, Germany
Heilbronn, Germany
Pforzheim, Germany
Ulm, Germany
Reutlingen, Germany
Munchen, Germany
Munich, Germany
Nurnberg, Germany
Augsburg, Germany
Wurzburg, Germany
Regensburg, Germany
Ingolstadt, Germany
Furth, Germany
Erlangen, Germany
Muenchen, Germany
Berlin, Germany
Potsdam, Germany
Cottbus, Germany
Bremen, Germany
Bremerhaven, Germany
Hamburg, Germany
Wiesbaden, Germany
Frankfurt am Main, Germany
Kassel, Germany
Darmstadt, Germany
Offenbach am Main, Germany
Schwerin, Germany
Rostock, Germany
Hannover, Germany
Braunschweig, Germany
Osnabruck, Germany
Oldenburg, Germany
Gottingen, Germany
Wolfsburg, Germany
Salzgitter, Germany
Hildesheim, Germany
Dusseldorf, Germany
Koln, Germany
Cologne, Germany
Essen, Germany
Dortmund, Germany
Duisburg, Germany
Bochum, Germany
Wuppertal, Germany
Bielefeld, Germany
Gelsenkirchen, Germany
Bonn, Germany
Monchengladbach, Germany
Munster, Germany
Krefeld, Germany
Aachen, Germany
Oberhausen, Germany
Hagen, Germany
Hamm, Germany
Herne, Germany
Mulheim an der Ruhr, Germany
Solingen, Germany
Leverkusen, Germany
Neuss, Germany
Paderborn, Germany
Recklinghausen, Germany
Remscheid, Germany
Bottrop, Germany
Siegen, Germany
Moers, Germany
Witten, Germany
Bergisch Gladbach, Germany
Duesseldorf, Germany
Mainz, Germany
Ludwigshafen, Germany
Koblenz, Germany
Kaiserslautern, Germany
Saarbrucken, Germany
Saarbruecken, Germany
Dresden, Germany
Leipzig, Germany
Chemnitz, Germany
Zwickau, Germany
Magdeburg, Germany
Halle, Germany
Kiel, Germany
Lubeck, Germany
Erfurt, Germany
Gera, Germany
Jena, Germany
Gibraltar, Gibraltar
Thessaloniki, Greece
Salonika, Greece
Piraeus, Greece
Patrai, Greece
Larisa, Greece
Iraklion, Greece
Volos, Greece
Kavalla, Greece
Athens, Greece
Athinai, Greece
Saint Peter Port, Guernsey
Vatican City, Holy See
Pecs, Hungary
Kecskemet, Hungary
Bekescaba, Hungary
Miskolc, Hungary
Hodmezovasarhely, Hungary
Szekesfehervar, Hungary
Gyor, Hungary
Debrecen, Hungary
Eger, Hungary
Tatabanya, Hungary
Salgotarjan, Hungary
Budapest, Hungary
Kaposvar, Hungary
Nyiregyhaza, Hungary
Szolnok, Hungary
Szekszard, Hungary
Szombathely, Hungary
Veszprem, Hungary
Zalaegerszeg, Hungary
Budapest, Hungary
Debrecen, Hungary
Gyor, Hungary
Miskolc, Hungary
Pecs, Hungary
Szeged, Hungary
Reykjavik, Iceland
Keflavik, Iceland
Hafnarfjoerdur, Iceland
Akureyri, Iceland
Dublin, Ireland
Novara, Italy
Bergamo, Italy
Brescia, Italy
Padova, Italy
Verona, Italy
Vicenza, Italy
La Spezia, Italy
Ferrara, Italy
Forli, Italy
Modena, Italy
Parma, Italy
Piacenza, Italy
Ravenna, Italy
Reggio nellEmilia, Italy
Livorno, Italy
Pisa, Italy
Terni, Italy
Latina, Italy
Pescara, Italy
Salerno, Italy
Foggia, Italy
Lecce, Italy
Taranto, Italy
Cosenza, Italy
Catania, Italy
Messina, Italy
Siracusa, Italy
Sassari, Italy
Reggio di Calabria, Italy
Prato, Italy
Rimini, Italy
Monza, Italy
Torre del Greco, Italy
Torino, Italy
Turin, Italy
Aosta, Italy
Milano, Italy
Milan, Italy
Bolzano, Italy
Trento, Italy
Venezia, Italy
Venice, Italy
Trieste, Italy
Genova, Italy
Genua, Italy
Bologna, Italy
Firenze, Italy
Florence, Italy
Perugia, Italy
Ancona, Italy
Rome, Italy
Roma, Italy
LAquila, Italy
Campobasso, Italy
Napoli, Italy
Napels, Italy
Bari, Italy
Potenza, Italy
Catanzaro, Italy
Palermo, Italy
Cagliari, Italy
Saint Helier, Jersey
Riga, Latvia
Vaduz, Liechtenstein
Vilnius, Lithuania
Luxembourg, Luxembourg
Skopje, Macedonia
Valletta, Malta
Douglas, Man
Chisinau, Moldova
Monaco, Monaco
Groningen, Netherlands
Leeuwarden, Netherlands
Assen, Netherlands
Enschede, Netherlands
Zwolle, Netherlands
Lelystad, Netherlands
Arnhem, Netherlands
Nijmegen, Netherlands
Utrecht, Netherlands
Amsterdam, Netherlands
Haarlem, Netherlands
Zaanstreek, Netherlands
Velsen, Netherlands
Hilversum, Netherlands
s Gravenhage, Netherlands
Rotterdam, Netherlands
Dordrecht, Netherlands
Leiden, Netherlands
Middelburg, Netherlands
s Hertogenbosch, Netherlands
Eindhoven, Netherlands
Tilburg, Netherlands
Breda, Netherlands
Maastricht, Netherlands
Heerlen, Netherlands
Geleen, Netherlands
Oslo, Norway
Oslo, Norway
Moss, Norway
Hamar, Norway
Lillehammer, Norway
Drammen, Norway
Toensberg, Norway
Skien, Norway
Arendal, Norway
Kristiansand, Norway
Stavanger, Norway
Bergen, Norway
Hermannsverk, Norway
Molde, Norway
Trondheim, Norway
Steinkjer, Norway
Bodoe, Norway
Svolvaer, Norway
Narvik, Norway
Tromsoe, Norway
Vadsoe, Norway
Hammerfest, Norway
Dabrowa Gornicza, Poland
Jastrzebie Zdroj, Poland
Warsaw, Poland
Warszawa, Poland
Biala Podlaska, Poland
Bialystok, Poland
Bielsko Biala, Poland
Bydgoszcz, Poland
Chelm, Poland
Ciechanow, Poland
Czestochowa, Poland
Elblag, Poland
Gdansk, Poland
Gdynia, Poland
Gorzow Wielkopolski, Poland
Gorzow Wielkopolskie, Poland
Jelenia Gora, Poland
Kalisz, Poland
Katowice, Poland
Sosnowiec, Poland
Bytom, Poland
Gliwice, Poland
Zabrze, Poland
Tychy, Poland
Ruda Slaska, Poland
Rybnik, Poland
Chorzow, Poland
Wodzilaw Slaski, Poland
Kielce, Poland
Konin, Poland
Koszalin, Poland
Krakow, Poland
Krosno, Poland
Legnica, Poland
Leszno, Poland
Lublin, Poland
Lomza, Poland
Lodz, Poland
Nowy Sacz, Poland
Olsztyn, Poland
Opole, Poland
Ostroleka, Poland
Pila, Poland
Piottrkow Trybunalski, Poland
Plock, Poland
Poznan, Poland
Przemysl, Poland
Radom, Poland
Rzeszow, Poland
Siedlce, Poland
Sieradz, Poland
Skierniewice, Poland
Slupsk, Poland
Suwalki, Poland
Szczecin, Poland
Tarnobrzeg, Poland
Tarnow, Poland
Torun, Poland
Grudziadz, Poland
Walbrzych, Poland
Wloclawek, Poland
Wroclaw, Poland
Zamosc, Poland
Zielona Gora, Poland
Braga, Portugal
Coimbra, Portugal
Lisbon, Portugal
Lisboa, Portugal
Amadora, Portugal
Barreiro, Portugal
Almada, Portugal
Porto, Portugal
Oporto, Portugal
Vila Nova de Gaia, Portugal
Setubal, Portugal
Funchal, Portugal
Alba Iulia, Romania
Arad, Romania
Pitesti, Romania
Bacau, Romania
Oradea, Romania
Bistrita, Romania
Botosani, Romania
Braila, Romania
Brasov, Romania
Bucharest, Romania
Bucuresti, Romania
Buzau, Romania
Calarasi, Romania
Resita, Romania
Cluj Napoca, Romania
Constanta, Romania
Sfintu Gheorghe, Romania
Tirgoviste, Romania
Craiova, Romania
Galati, Romania
Giurgiu, Romania
Tirgu Jiu, Romania
Miercurea Ciuc, Romania
Deva, Romania
Slobozia, Romania
Iasi, Romania
Baia Mare, Romania
Drobeta Turnu Severin, Romania
Tirgu Mures, Romania
Piatra Neamt, Romania
Slatina, Romania
Ploiesti, Romania
Zalau, Romania
Satu Mare, Romania
Sibiu, Romania
Suceava, Romania
Alexandria, Romania
Timisoara, Romania
Tulcea, Romania
Vaslui, Romania
Rimnicu Vilcea, Romania
Focsani, Romania
Sergiev Posad, Russia
Zagorsk, Russia
Seversk, Russia
Petrozavodsk, Russia
Syktyvkar, Russia
Ukhta, Russia
Vorkuta, Russia
Arkhangelsk, Russia
Severodvinsk, Russia
Vologda, Russia
Cherepovets, Russia
Murmansk, Russia
Kaliningrad, Russia
Sankt Peterburg, Russia
Sankt Peterburg, Russia
Kolpino, Russia
Novgorod, Russia
Pskov, Russia
Velikiye Luki, Russia
Bryansk, Russia
Vladimir, Russia
Kovrov, Russia
Murom, Russia
Ivanovo, Russia
Kineshma, Russia
Kaluga, Russia
Obninsk, Russia
Kostroma, Russia
Moscow, Russia
Moscow, Russia
Podolsk, Russia
Zelenograd, Russia
Lyubertsy, Russia
Kolomna, Russia
Mytishchi, Russia
Elektrostal, Russia
Serpukhov, Russia
Balashikha, Russia
Khimki, Russia
Odintsovo, Russia
Orekhovo Zuyevo, Russia
Noginsk, Russia
Shchyolkovo, Russia
Orel, Russia
Oryol, Russia
Ryazan, Russia
Smolensk, Russia
Tver, Russia
Tula, Russia
Novomoskovsk, Russia
Yaroslavl, Russia
Rybinsk, Russia
Yoshkar Ola, Russia
Saransk, Russia
Cheboksary, Russia
Novocheboksarsk, Russia
Kirov, Russia
Nizhniy Novgorod, Russia
Dzerzhinsk, Russia
Arzamas, Russia
Belgorod, Russia
Stary Oskol, Russia
Voronezh, Russia
Kursk, Russia
Lipetsk, Russia
Yelets, Russia
Tambov, Russia
Michurinsk, Russia
Elista, Russia
Kazan, Russia
Naberezhnye Chelny, Russia
Nizhnekamsk, Russia
Almetyevsk, Russia
Zelenodolysk, Russia
Astrakhan, Russia
Volgograd, Russia
Volzhsky, Russia
Kamyshin, Russia
Penza, Russia
Kuznetsk, Russia
Samara, Russia
Tolyatti, Russia
Syzran, Russia
Novokuybyshevsk, Russia
Saratov, Russia
Balakovo, Russia
Engels, Russia
Ulyanovsk, Russia
Simbirsk, Russia
Dimitrovgrad, Russia
Rostov na Donu, Russia
Taganrog, Russia
Shakhty, Russia
Novocherkassk, Russia
Volgodonsk, Russia
Novoshakhtinsk, Russia
Rostov no Donu, Russia
Ufa, Russia
Sterlitamak, Russia
Salavat, Russia
Oktyabrsky, Russia
Izhevsk, Russia
Sarapul, Russia
Glazov, Russia
Votkinsk, Russia
Orenburg, Russia
Orsk, Russia
Novotroitsk, Russia
Perm, Russia
Berezniki, Russia
Solikamsk, Russia
Maykop, Russia
Makhachkala, Russia
Nazran, Russia
Nalchik, Russia
Cherkessk, Russia
Vladikavkaz, Russia
Grozny, Russia
Krasnodar, Russia
Sochi, Russia
Novorossiysk, Russia
Armavir, Russia
Stavropol, Russia
Pyatigorsk, Russia
Nevinnomyssk, Russia
Kislovodsk, Russia
Neftekamsk, Russia
Nikolo Beryozovka, Russia
Kurgan, Russia
Yekaterinburg, Russia
Nizhniy Tagil, Russia
Kamensk Uralskiy, Russia
Pervouralsk, Russia
Serov, Russia
Chelyabinsk, Russia
Magnitogorsk, Russia
Zlatoust, Russia
Miass, Russia
Gorno Altaysk, Russia
Barnaul, Russia
Biysk, Russia
Rubtsovsk, Russia
Kemerovo, Russia
Novokuznetsk, Russia
Prokopyevsk, Russia
Leninsk Kuznetskiy, Russia
Kiselyovsk, Russia
Mezhdurechensk, Russia
Anzhero Sudzhensk, Russia
Novosibirsk, Russia
Omsk, Russia
Tomsk, Russia
Tyumen, Russia
Surgut, Russia
Nizhnevartovsk, Russia
Ulan Ude, Russia
Kyzyl, Russia
Abakan, Russia
Krasnoyarsk, Russia
Norilsk, Russia
Achinsk, Russia
Kansk, Russia
Irkutsk, Russia
Angarsk, Russia
Bratsk, Russia
Ust Ilimsk, Russia
Usolye Sibirskoye, Russia
Chita, Russia
Yakutsk, Russia
Birobidzhan, Russia
Anadyr, Russia
Vladivostok, Russia
Nakhodka, Russia
Ussuriysk, Russia
Khabarovsk, Russia
Komsomolsk na Amure, Russia
Blagoveshchensk, Russia
Petropavlovsk Kamchatsky, Russia
Magadan, Russia
Yuzhno Sakhalinsk, Russia
San Marino, San Marino
Belgrade, Serbia and Montenegro
Bratislava, Slovakia
Ljubljana, Slovenia
Sevilla, Spain
Almeria, Spain
Cadiz, Spain
Cordoba, Spain
Granada, Spain
Huelva, Spain
Malaga, Spain
Jerez de la Frontera, Spain
Jaen, Spain
Algeciras, Spain
Zaragoza, Spain
Oviedo, Spain
Gijon, Spain
Palma de Mallorca, Spain
Vitoria Gasteiz, Spain
Bilbao, Spain
San Sebastian, Spain
Donostia, Spain
Santa Cruz de Tenerife, Spain
Las Palmas de Gran Canaria, Spain
La Laguna, Spain
Santander, Spain
Valladolid, Spain
Albacete, Spain
Burgos, Spain
Leon, Spain
Salamanca, Spain
Toledo, Spain
Barcelona, Spain
Lleida, Spain
Tarragona, Spain
Hospitalet de Llobregat, Spain
Badalona, Spain
Sabadell, Spain
Terrassa, Spain
Santa Coloma de Gramanet, Spain
Baracaldo, Spain
Barakaldo, Spain
Mataro, Spain
Badajoz, Spain
Merida, Spain
La Coruna, Spain
Vigo, Spain
Orense, Spain
Ourense, Spain
Santiago de Compostella, Spain
Madrid, Spain
Mostoles, Spain
Leganes, Spain
Alcala de Henares, Spain
Fuenlabrada, Spain
Getafe, Spain
Alcorcon, Spain
Murcia, Spain
Cartagena, Spain
Pamplona, Spain
Logrono, Spain
Valencia, Spain
Alicante, Spain
Alacant, Spain
Elche, Spain
Elx, Spain
Castellon de la Plana, Spain
Longyearbyen, Svalbard
Vanersborg, Sweden
Karlskrona, Sweden
Gavle, Sweden
Goteborg, Sweden
Visby, Sweden
Halmstad, Sweden
Ostersund, Sweden
Jonkoping, Sweden
Kalmar, Sweden
Falun, Sweden
Kristianstad, Sweden
Vaxjo, Sweden
Malmo, Sweden
Helsingborg, Sweden
Lulea, Sweden
Jokkmokk, Sweden
Orebro, Sweden
Linkoping, Sweden
Norrkoping, Sweden
Mariestad, Sweden
Nykoping, Sweden
Stockholm, Sweden
Uppsala, Sweden
Karlstad, Sweden
Umea, Sweden
Harnosand, Sweden
Vasteras, Sweden
Aarau, Switzerland
Herisau, Switzerland
Appenzell, Switzerland
Liestal, Switzerland
Basel, Switzerland
Bern, Switzerland
Biel, Switzerland
Fribourg, Switzerland
Geneva, Switzerland
Glarus, Switzerland
Chur, Switzerland
Delemont, Switzerland
Luzern, Switzerland
Neuchatel, Switzerland
Stans, Switzerland
Sarnen, Switzerland
Sankt Gallen, Switzerland
Schaffhausen, Switzerland
Schwyz, Switzerland
Solothurn, Switzerland
Frauenfeld, Switzerland
Bellinzona, Switzerland
Altdorf, Switzerland
Sion, Switzerland
Lausanne, Switzerland
Zug, Switzerland
Zurich, Switzerland
Winterthur, Switzerland
Cherkasy, Ukraine
Chernihiv, Ukraine
Chernivtsi, Ukraine
Dnipropetrovsk, Ukraine
Kryvyy Rih, Ukraine
Dniprodzerzhynsk, Ukraine
Donetsk, Ukraine
Mariupol, Ukraine
Makiyivka, Ukraine
Horlivka, Ukraine
Ivano Frankivsk, Ukraine
Kharkiv, Ukraine
Kherson, Ukraine
Khmelnytskyy, Ukraine
Kiev, Ukraine
Kyyiv, Ukraine
Kirovohrad, Ukraine
Luhansk, Ukraine
Lviv, Ukraine
Mykolayiv, Ukraine
Odesa, Ukraine
Poltava, Ukraine
Kremenchuk, Ukraine
Rivne, Ukraine
Sumy, Ukraine
Ternopil, Ukraine
Vinnytsya, Ukraine
Lutsk, Ukraine
Uzhhorod, Ukraine
Zaporizhzhya, Ukraine
Zhytomyr, Ukraine
Simferopol, Ukraine
Sevastopol, Ukraine
Sandwell, United Kingdom
Wrexham Maelor, United Kingdom
Bristol, United Kingdom
Bedford, United Kingdom
Luton, United Kingdom
Reading, United Kingdom
Wokingham, United Kingdom
Newbury, United Kingdom
Windsor, United Kingdom
Slough, United Kingdom
Bracknell, United Kingdom
Aylesbury, United Kingdom
Milton Keynes, United Kingdom
Wycombe, United Kingdom
Cambridge, United Kingdom
Peterborough, United Kingdom
Huntingdon, United Kingdom
Chester, United Kingdom
Warrington, United Kingdom
Macclesfield, United Kingdom
Crewe, United Kingdom
Middlesbrough, United Kingdom
Stockton on Tees, United Kingdom
Truro, United Kingdom
Carlisle, United Kingdom
Derby, United Kingdom
Sutton in Ashfield, United Kingdom
Chesterfield, United Kingdom
Matlock, United Kingdom
Plymouth, United Kingdom
Exeter, United Kingdom
Bournemouth, United Kingdom
Poole, United Kingdom
Dorchester, United Kingdom
Darlington, United Kingdom
Durham, United Kingdom
Brighton, United Kingdom
Lewes, United Kingdom
Chelmsford, United Kingdom
Southend on Sea, United Kingdom
Basildon, United Kingdom
Colchester, United Kingdom
Braintree, United Kingdom
Epping Forest, United Kingdom
Cheltenham, United Kingdom
Stroud, United Kingdom
Gloucester, United Kingdom
Glouchester, United Kingdom
London, United Kingdom
Manchester, United Kingdom
Wigan, United Kingdom
Stockport, United Kingdom
Bolton, United Kingdom
Salford, United Kingdom
Tameside, United Kingdom
Oldham, United Kingdom
Trafford, United Kingdom
Rochdale, United Kingdom
Bury, United Kingdom
Winchester, United Kingdom
Southampton, United Kingdom
Portsmouth, United Kingdom
Basingstoke, United Kingdom
Havant, United Kingdom
Eastleigh, United Kingdom
Fareham, United Kingdom
Worcester, United Kingdom
Saint Albans, United Kingdom
Hertford, United Kingdom
Kingston upon Hull, United Kingdom
Beverley, United Kingdom
Hull, United Kingdom
Newport, United Kingdom
Maidstone, United Kingdom
Rochester upon Medway, United Kingdom
Canterbury, United Kingdom
Swale, United Kingdom
Sevenoaks, United Kingdom
Dover, United Kingdom
Tonbridge, United Kingdom
Tunbridge Wells, United Kingdom
Preston, United Kingdom
Blackpool, United Kingdom
Blackburn, United Kingdom
Lancaster, United Kingdom
Leicester, United Kingdom
Leichester, United Kingdom
Lincoln, United Kingdom
Liverpool, United Kingdom
Wiral, United Kingdom
Sefton, United Kingdom
Saint Helens, United Kingdom
Knowsley, United Kingdom
Norwich, United Kingdom
Kings Lynn, United Kingdom
Northampton, United Kingdom
Newcastle, United Kingdom
Harrogate, United Kingdom
Scarborough, United Kingdom
York, United Kingdom
Northallerton, United Kingdom
Nottingham, United Kingdom
Newark on Trent, United Kingdom
Mansfield, United Kingdom
Oxford, United Kingdom
Shrewsbury, United Kingdom
Taunton, United Kingdom
Barnsley, United Kingdom
Sheffield, United Kingdom
Doncaster, United Kingdom
Rotherham, United Kingdom
Stafford, United Kingdom
Stoke on Trent, United Kingdom
Newcastle under Lyme, United Kingdom
Ipswich, United Kingdom
Guildford, United Kingdom
Reigate, United Kingdom
Elmbridge, United Kingdom
Kingston, United Kingdom
Sunderland, United Kingdom
Newcastle upon Tyne, United Kingdom
Gateshead, United Kingdom
Newcastle, United Kingdom
Warwick, United Kingdom
Nuneaton, United Kingdom
Stratford on Avon, United Kingdom
Birmingham, United Kingdom
Dudley, United Kingdom
Coventry, United Kingdom
Walsall, United Kingdom
Wolverhampton, United Kingdom
Solihull, United Kingdom
West Bromwich, United Kingdom
Chichester, United Kingdom
Horsham, United Kingdom
Wakefield, United Kingdom
Leeds, United Kingdom
Bradford, United Kingdom
Kirklees, United Kingdom
Huddersfield, United Kingdom
Salisbury, United Kingdom
Trowbridge, United Kingdom
Newtown St. Boswells, United Kingdom
Stirling, United Kingdom
Dumfries, United Kingdom
Glenrothes, United Kingdom
Aberdeen, United Kingdom
Inverness, United Kingdom
Edinburgh, United Kingdom
Glasgow, United Kingdom
Renfrew, United Kingdom
Dundee, United Kingdom
Island Areas, United Kingdom
Colwyn Bay, United Kingdom
Llangefni, United Kingdom
Ebbw Vale, United Kingdom
Bridgend, United Kingdom
Ystrad Fawr, United Kingdom
Cardiff, United Kingdom
Carmarthen, United Kingdom
Aberystwyth, United Kingdom
Ruthin, United Kingdom
Mold, United Kingdom
Caernarfon, United Kingdom
Merthyr Tydfil, United Kingdom
Cwmbran, United Kingdom
Port Talbot, United Kingdom
Newport, United Kingdom
Haverfordwest, United Kingdom
Llandrindod Wells, United Kingdom
Rhondda, United Kingdom
Swansea, United Kingdom
Pontypool, United Kingdom
Rhymney Valley, United Kingdom
Barry, United Kingdom
Wrexham, United Kingdom
Belfast, United Kingdom
Kabul, Afghanistan
Yerevan, Armenia
Baku, Azerbaijan
Manama, Bahrain
Dhaka, Bangladesh
Chittagong, Bangladesh
Khulna, Bangladesh
Rajshahi, Bangladesh
Narayanganj, Bangladesh
Rangpur, Bangladesh
Mymensingh, Bangladesh
Barisal, Bangladesh
Tongi, Bangladesh
Comilla, Bangladesh
Jessore, Bangladesh
Nawabganj, Bangladesh
Dinajpur, Bangladesh
Bogra, Bangladesh
Brahmanbaria, Bangladesh
Savar, Bangladesh
Tangail, Bangladesh
Pabna, Bangladesh
Jamalpur, Bangladesh
Naogaon, Bangladesh
Sylhet, Bangladesh
Sirajganj, Bangladesh
Narsinghdi, Bangladesh
Saidpur, Bangladesh
Gazipur, Bangladesh
Thimphu, Bhutan
Bandar Seri Begawan, Brunei
Monywa, Burma
Pathein, Burma
Bassein, Burma
Magway, Burma
Mandalay, Burma
Bago, Burma
Pegu, Burma
Rangoon, Burma
Yangon, Burma
Sagaing, Burma
Tavoy, Burma
Hakha, Burma
Myitkyina, Burma
Hpa an, Burma
Loikaw, Burma
Mawlamyine, Burma
Moulmein, Burma
Sittwe, Burma
Akyab, Burma
Taunggyi, Burma
Phnom Penh, Cambodia
Macau, China
Hong Kong, China
Hefei, China
Huainan, China
Suzhou, China
Bengbu, China
Wuhu, China
Huaibei, China
Maanshan, China
Anqing, China
Tongling, China
Fuyang, China
Luan, China
Chuxian, China
Chaoxian, China
Xuancheng, China
Fuzhou, China
Fuzhou, China
Xiamen, China
Nanping, China
Quanzhou, China
Zhangzhou, China
Sanming, China
Longyan, China
Yongan, China
Lanzhou, China
Tianshui, China
Baiyin, China
Wuwei, China
Yumen, China
Guangzhou, China
Shantou, China
Zhanjiang, China
Shenzhen, China
Shaoguan, China
Chaozhou, China
Dongguan, China
Foshan, China
Zhongshan, China
Jiangmen, China
Yangjiang, China
Zhaoqing, China
Maoming, China
Zhuhai, China
Huizhou, China
Meixian, China
Heyuan, China
Shanwei, China
Guiyang, China
Liupanshui, China
Zunyi, China
Anshun, China
Duyun, China
Kaili, China
Haikou, China
Sanya, China
Ya Xian, China
Shijiazhuang, China
Tangshan, China
Handan, China
Zhangjiakou, China
Baoding, China
Qinhuangdao, China
Xingtai, China
Chengde, China
Renqiu, China
Quzhou, China
Hengshui, China
Harbin, China
Qiqihar, China
Yichun, China
Jixi, China
Daqing, China
Mudanjiang, China
Hegang, China
Jiamusi, China
Shuangyashan, China
Suihua, China
Shangzhi, China
Qitaihe, China
Beian, China
Acheng, China
Zhaodong, China
Fuling, China
Shuangcheng, China
Anda, China
Mishan, China
Zhengzhou, China
Luoyang, China
Kaifeng, China
Xinxiang, China
Anyang, China
Pingdingshan, China
Jiaozuo, China
Nanyang, China
Hebi, China
Xuchang, China
Xinyang, China
Puyang, China
Shangqiu, China
Zhoukou, China
Luohe, China
Zhumadian, China
Sanmenxia, China
Wuhan, China
Huangshi, China
Xiangfan, China
Yichang, China
Shashi, China
Shiyan, China
Cangzhou, China
Honghu, China
Echeng, China
Tianmen, China
Xiaogan, China
Zaoyang, China
Xianning, China
Laohekou, China
Guanghua, China
Puqi, China
Shishou, China
Guangshui, China
Changsha, China
Hengyang, China
Xiangtan, China
Zhuzhou, China
Yueyang, China
Changde, China
Shaoyang, China
Yiyang, China
Lengshuijiang, China
Leiyang, China
Loudi, China
Huaihua, China
Zixing, China
Liling, China
Yuanjiang, China
Nanjing, China
Wuxi, China
Xuzhou, China
Suzhou, China
Changzhou, China
Zhenjiang, China
Lianyungang, China
Nantong, China
Yangzhou, China
Yancheng, China
Huaiyin, China
Jiangyin, China
Yixing, China
Dongtai, China
Changshu, China
Danyang, China
Xinghua, China
Taizhou, China
Huaian, China
Liyang, China
Yizheng, China
Suqian, China
Kunshan, China
Fuzhou, China
Fuzhou, China
Nanchang, China
Yichun, China
Pingxiang, China
Jiujiang, China
Jingdezhen, China
Ganzhou, China
Xinyu, China
Shangrao, China
Jilin, China
Changchun, China
Hunjiang, China
Liaoyuan, China
Tonghua, China
Siping, China
Dunhua, China
Yanji, China
Gongzhuling, China
Baicheng, China
Meihekou, China
Fuyu, China
Jiutai, China
Huadian, China
Longjing, China
Daan, China
Shenyang, China
Dalian, China
Anshan, China
Fushun, China
Benxi, China
Fuxin, China
Jinzhou, China
Dandong, China
Liaoyang, China
Yingkou, China
Panshan, China
Jinxi, China
Tieling, China
Wafangdian, China
Chaoyang, China
Haicheng, China
Beipiao, China
Fengcheng, China
Xingcheng, China
Xining, China
Yushu, China
Xian, China
Xianyang, China
Baoji, China
Tongchuan, China
Hanzhong, China
Ankang, China
Weinan, China
Yanan, China
Xi, China
Jinan, China
Zibo, China
Qingdao, China
Yantai, China
Weifang, China
Zaozhuang, China
Taian, China
Linyi, China
Tengxian, China
Dongying, China
Xintai, China
Jining, China
Laiwu, China
Liaocheng, China
Dezhou, China
Heze, China
Rizhao, China
Liancheng, China
Jiaoxian, China
Pingdu, China
Longkou, China
Laiyang, China
Wendeng, China
Weihai, China
Linqing, China
Jiaonan, China
Zhucheng, China
Taiyuan, China
Datong, China
Yangquan, China
Changzhi, China
Yuci, China
Linfen, China
Jincheng, China
Chengdu, China
Chongqing, China
Panzhihua, China
Dukou, China
Zigong, China
Leshan, China
Mianyang, China
Luzhou, China
Neijiang, China
Yibin, China
Qianjiang, China
Daxian, China
Deyang, China
Guangyuan, China
Nanchong, China
Jiangyou, China
Wanxian, China
Xichang, China
Kunming, China
Gejiu, China
Qujing, China
Hangzhou, China
Ningbo, China
Wenzhou, China
Huzhou, China
Jiaxing, China
Shaoxing, China
Xiaoshan, China
Ruian, China
Zhoushan, China
Jinhua, China
Yuyao, China
Cixi, China
Haining, China
Nanning, China
Liuzhou, China
Guilin, China
Wuzhou, China
Qinzhou, China
Guixian, China
Beihai, China
Hohhot, China
Baotou, China
Yakeshi, China
Chifeng, China
Jining, China
Wuhai, China
Tongliao, China
Hailar, China
Ulanhot, China
Linhe, China
Manzhouli, China
Yinchuan, China
Shizuishan, China
Urumqi, China
Shihezi, China
Karamay, China
Yining, China
Kashi, China
Aksu, China
Hami, China
Korla, China
Lhasa, China
Beijing, China
Shanghai, China
Tianjin, China
Nicosia, Cyprus
Tbilisi, Georgia
Pimpri Chinchwad, India
Hyderabad, India
Vishakhapatnam, India
Vijayawada, India
Guntur, India
Warangal, India
Rajahmundry, India
Itanagar, India
Gauhati, India
Dispur, India
Patna, India
Ranchi, India
Jamshedpur, India
Bokara Steel City, India
Panaji, India
Ahmadabad, India
Surat, India
Vadodara, India
Rajkot, India
Bhavnagar, India
Jamnagar, India
Gandhinagar, India
Chandigarh, India
Simla, India
Srinagar, India
Jammu, India
Bangalore, India
Hubli, India
Mysore, India
Trivandrum, India
Cochin, India
Kozhikode, India
Bhopal, India
Indore, India
Jabalpur, India
Gwalior, India
Raipur, India
Bhilai, India
Ujjain, India
Bhatpara, India
Mumbai, India
Greater, India
Nagpur, India
Pune, India
Kalyan, India
Thane, India
Nasik, India
Sholapur, India
Aurangabad, India
Amravati, India
Kolhapur, India
Bhiwandi, India
Ulhasnagar, India
New Bombay, India
Bombay, India
Imphal, India
Shillong, India
Aijal, India
Kohima, India
Bhubaneswar, India
Cuttack, India
Chandigarh, India
Ludhiana, India
Amritsar, India
Jalandhar, India
Jaipur, India
Jodhpur, India
Kota, India
Bikaner, India
Ajmer, India
Gangtok, India
Madras, India
Chennai, India
Madurai, India
Coimbatore, India
Tiruchchirappalli, India
Salem, India
Agartala, India
Lucknow, India
Kanpur, India
Varanasi, India
Agra, India
Allahabad, India
Meerut, India
Faridabad, India
Bareilly, India
Gorakhpur, India
Aligarh, India
Moradabad, India
Saharanpur, India
Jhansi, India
Calcutta, India
Haora, India
Durgapur, India
Port Blair, India
Chandigarh, India
Silvassa, India
Daman, India
New Delhi, India
Delhi, India
Ghaziabad, India
Kavaratti, India
Pondicherry, India
Jakarta, Indonesia
Bandung, Indonesia
Semarang, Indonesia
Surabaya, Indonesia
Yogyakarta, Indonesia
Banda Aceh, Indonesia
Bengkulu, Indonesia
Jambi, Indonesia
Bandar Lampung, Indonesia
Padang, Indonesia
Palembang, Indonesia
Medan, Indonesia
Pontianak, Indonesia
Banjarmasin, Indonesia
Palangkaraya, Indonesia
Samarinda, Indonesia
Ujung Pandang, Indonesia
Ambon, Indonesia
Malang, Indonesia
Surakarta, Indonesia
Pekan Baru, Indonesia
Balikpapan, Indonesia
Manado, Indonesia
Bogor, Indonesia
Cirebon, Indonesia
Kediri, Indonesia
Pekalongan, Indonesia
Tegal, Indonesia
Pematang Siantar, Indonesia
Binjai, Indonesia
Probolinggo, Indonesia
Madiun, Indonesia
Pasuruan, Indonesia
Magelang, Indonesia
Sukabumi, Indonesia
Gorontalo, Indonesia
Blitar, Indonesia
Tebing Tinggi, Indonesia
Pangkal Pinang, Indonesia
Tanjung Balai, Indonesia
Batam, Indonesia
Pare Pare, Indonesia
Mehrshahr, Iran
Islamshahr, Iran
Rajaishahr, Iran
Orumiyeh, Iran
Khvoy, Iran
Maragheh, Iran
Tabriz, Iran
Ardabil, Iran
Bakhtaran, Iran
Kermanshah, Iran
Yasuj, Iran
Bandar e Bushehr, Iran
Bushehr, Iran
Shahr e Kord, Iran
Esfahan, Iran
Najafabad, Iran
Khomeynishahr, Iran
Shiraz, Iran
Rasht, Iran
Hamadan, Iran
Malayer, Iran
Bandar Abbas, Iran
Ilam, Iran
Kerman, Iran
Sirjan, Iran
Mashhad, Iran
Sabzevar, Iran
Neyshabur, Iran
Bojnurd, Iran
Birjand, Iran
Ahvaz, Iran
Khorramshahr, Iran
Dezful, Iran
Masjed e Soleyman, Iran
Sanandaj, Iran
Khorramabad, Iran
Borujerd, Iran
Arak, Iran
Sari, Iran
Gorgan, Iran
Amol, Iran
Babol, Iran
Qaemshahr, Iran
Gonbad e Kavus, Iran
Semnan, Iran
Zahedan, Iran
Tehran, Iran
Qom, Iran
Karaj, Iran
Qazvin, Iran
Kashan, Iran
Yazd, Iran
Zanjan, Iran
Ar Ramadi, Iraq
Al Hillah, Iraq
Baghdad, Iraq
Al Basrah, Iraq
An Nasiriyah, Iraq
Baqubah, Iraq
Karbala, Iraq
Al Amarah, Iraq
As Samawah, Iraq
An Najaf, Iraq
Mosul, Iraq
Al Mawsil, Iraq
Diwaniyah, Iraq
Ad Diwaniyah, Iraq
Samarra, Iraq
Kirkuk, Iraq
Al Kut, Iraq
Dahuk, Iraq
Irbil, Iraq
As Sulaymaniyah, Iraq
Jerusalem, Israel
Ramla, Israel
Haifa, Israel
Nazareth, Israel
Tel Aviv, Israel
Beer Sheva, Israel
Sapporo, Japan
Aomori, Japan
Morioka, Japan
Sendai, Japan
Akita, Japan
Yamagata, Japan
Fukushima, Japan
Mito, Japan
Utsonomiya, Japan
Maebashi, Japan
Urawa, Japan
Chiba, Japan
Tokyo, Japan
Yokohama, Japan
Kawasaki, Japan
Niigata, Japan
Toyama, Japan
Kanazawa, Japan
Fukui, Japan
Kofu, Japan
Nagano, Japan
Gifu, Japan
Shizuoka, Japan
Nagoya, Japan
Tsu, Japan
Otsu, Japan
Kyoto, Japan
Osaka, Japan
Kobe, Japan
Nara, Japan
Wakayama, Japan
Tottori, Japan
Matsue, Japan
Okayama, Japan
Hiroshima, Japan
Yamaguchi, Japan
Tokushima, Japan
Takamatsu, Japan
Matsuyama, Japan
Kochi, Japan
Fukuoka, Japan
Kita kyushu, Japan
Saga, Japan
Nagasaki, Japan
Kumamoto, Japan
Oita, Japan
Miyazaki, Japan
Kagoshima, Japan
Naha, Japan
Amman, Jordan
Almaty, Kazakstan
Alma Ata, Kazakstan
Aqmola, Kazakstan
Tselinograd, Kazakstan
Aqtobe, Kazakstan
Aktyubinsk, Kazakstan
Atyrau, Kazakstan
Guryev, Kazakstan
Oral, Kazakstan
Uralsk, Kazakstan
Kokchetau, Kazakstan
Aqtau, Kazakstan
Shevchenko, Kazakstan
Shymkent, Kazakstan
Chimkent, Kazakstan
Pavlodar, Kazakstan
Ekibastuz, Kazakstan
Qaraghandy, Kazakstan
Karaganda, Kazakstan
Temirtau, Kazakstan
Qostanay, Kazakstan
Rudny, Kazakstan
Qyzylorda, Kazakstan
Semey, Kazakstan
Semipalatinsk, Kazakstan
Oskemen, Kazakstan
Ust Kamenogorsk, Kazakstan
Petropavl, Kazakstan
Petropavlovsk, Kazakstan
Taldyqorghan, Kazakstan
Arqalyq, Kazakstan
Auliye Ata, Kazakstan
Dzhambul, Kazakstan
Zhambyl, Kazakstan
Zhezqazghan, Kazakstan
Zhezkazghan, Kazakstan
Almaty, Kazakstan
Alma Ata, Kazakstan
Leninsk, Kazakstan
Pyongyang, North Korea
Hamhung Hungnam, North Korea
Chongjin, North Korea
Nampo, North Korea
Sunchon, North Korea
Sinuiju, North Korea
Tanchon, North Korea
Wonsan, North Korea
Tokchon, North Korea
Kanggye, North Korea
Haeju, North Korea
Anju, North Korea
Kimchaek, North Korea
Songjin, North Korea
Kusong, North Korea
Huichon, North Korea
Sinpo, North Korea
Kaesong, North Korea
Seoul, South Korea
Pusan, South Korea
Taegu, South Korea
Inchon, South Korea
Kwangju, South Korea
Taejon, South Korea
Ulsan, South Korea
Suwon, South Korea
Songnam, South Korea
Chonju, South Korea
Masan, South Korea
Chongju, South Korea
Chinju, South Korea
Mokpo, South Korea
Cheju, South Korea
Kunsan, South Korea
Chunchon, South Korea
Yosu, South Korea
Kuwait, Kuwait
Bishkek, Kyrgyzstan
Vientiane, Laos
Beirut, Lebanon
Macau, Macau
Seloyang Baru, Malaysia
Johor Baharu, Malaysia
Alor Setar, Malaysia
Kota Baharu, Malaysia
Melaka, Malaysia
Seremban, Malaysia
Kuantan, Malaysia
Ipoh, Malaysia
Taiping, Malaysia
Kangar, Malaysia
George Town, Malaysia
Kota Kinabalu, Malaysia
Tawai, Malaysia
Sandakan, Malaysia
Kuching, Malaysia
Sibu, Malaysia
Shah Alam, Malaysia
Kelang, Malaysia
Kuala Terengganu, Malaysia
Kuala Lumpur, Malaysia
Petaling Jaya, Malaysia
Labuan, Malaysia
Ulaanbaatar, Mongolia
Kathmandu, Nepal
Muscat, Oman
Islamabad, Pakistan
Hyderabad, Pakistan
Quetta, Pakistan
Peshawar, Pakistan
Lahore, Pakistan
Karachi, Pakistan
Faisalabad, Pakistan
Lyallpur, Pakistan
Gujranwala, Pakistan
Rawalpindi, Pakistan
Multan, Pakistan
Sialkot, Pakistan
Sargodha, Pakistan
Lahore Cantonment, Pakistan
Jhang, Pakistan
Sukkur, Pakistan
Bahawalpur, Pakistan
Kasur, Pakistan
Gujrat, Pakistan
Okara, Pakistan
Sahiwal, Pakistan
Mardan, Pakistan
Sheikhupura, Pakistan
Mirpur Khas, Pakistan
Larkana, Pakistan
Wah Cantonment, Pakistan
Rahim Yar Khan, Pakistan
Jhelum, Pakistan
Chiniot, Pakistan
Nawabshah, Pakistan
Dera Ghazi Khan, Pakistan
Port Moresby, Papua New Guinea
Manila, Philippines
Quezon, Philippines
Kalookan, Philippines
Davao, Philippines
Cebu, Philippines
Zamboanga, Philippines
Makati, Philippines
Pasig, Philippines
Cagayan de Oro, Philippines
Pasay, Philippines
Doha, Qatar
Rayyan, Qatar
Wakrah, Qatar
Riyadh, Saudi Arabia
Jeddah, Saudi Arabia
Singapore, Singapore
Colombo, Sri Lanka
Damascus, Syria
Aleppo, Syria
Homs, Syria
Chungho, Taiwan
Sanchuung, Taiwan
Hsinchuang, Taiwan
Chungli, Taiwan
Yungho, Taiwan
Hsintien, Taiwan
Changhua, Taiwan
Chiai, Taiwan
Hsinchu, Taiwan
Hualien, Taiwan
Ilan, Taiwan
Fengshan, Taiwan
Miaoli, Taiwan
Nantou, Taiwan
Makung, Taiwan
Pingtung, Taiwan
Fengyuan, Taiwan
Hsinying, Taiwan
Panchiao, Taiwan
Taitung, Taiwan
Taoyuan, Taiwan
Touliu, Taiwan
Chiai, Taiwan
Chilung, Taiwan
Hsinchu, Taiwan
Kaohsiung, Taiwan
Taichung, Taiwan
Tainan, Taiwan
Taipei, Taiwan
Khujand, Tajikistan
Leninabad, Tajikistan
Kulob, Tajikistan
Qurghonteppa, Tajikistan
Khorugh, Tajikistan
Dushanbe, Tajikistan
Chiang Mai, Thailand
Nakhon Sawan, Thailand
Khon Kaen, Thailand
Nakhon Ratchasima, Thailand
Ubon Ratchathani, Thailand
Bangkok, Thailand
Nonthaburi, Thailand
Saraburi, Thailand
Nakhon si Thammarat, Thailand
Songkhla, Thailand
Icel, Turkey
Hatay, Turkey
Adana, Turkey
Osmaniye, Turkey
Adiyaman, Turkey
Afyon, Turkey
Agri, Turkey
Aksaray, Turkey
Amasya, Turkey
Ankara, Turkey
Antalya, Turkey
Artvin, Turkey
Aydin, Turkey
Balikesir, Turkey
Batman, Turkey
Bayburt, Turkey
Bilecik, Turkey
Bingol, Turkey
Bitlis, Turkey
Bolu, Turkey
Burdur, Turkey
Bursa, Turkey
Canakkale, Turkey
Cankiri, Turkey
Corum, Turkey
Denizli, Turkey
Diyarbakir, Turkey
Edirne, Turkey
Elazig, Turkey
Erzincan, Turkey
Erzurum, Turkey
Eskisehir, Turkey
Gaziantep, Turkey
Giresun, Turkey
Gumushane, Turkey
Hakkari, Turkey
Iskenderun, Turkey
Antakya, Turkey
Mersin, Turkey
Tarsus, Turkey
Isparta, Turkey
Istanbul, Turkey
Izmir, Turkey
Karaman, Turkey
Karaman Maras, Turkey
Kars, Turkey
Kastamonu, Turkey
Kayseri, Turkey
Kirikkale, Turkey
Kirklareli, Turkey
Kirsehir, Turkey
Izmit, Turkey
Kocaeli, Turkey
Gebze, Turkey
Adapazari, Turkey
Konya, Turkey
Kutahya, Turkey
Malatya, Turkey
Manisa, Turkey
Mardin, Turkey
Mugla, Turkey
Mus, Turkey
Nevsehir, Turkey
Nigde, Turkey
Ordu, Turkey
Rize, Turkey
Sakarya, Turkey
Samsun, Turkey
Sanliurfa, Turkey
Urfa, Turkey
Siirt, Turkey
Sinop, Turkey
Sirnak, Turkey
Sivas, Turkey
Tekirdag, Turkey
Tokat, Turkey
Trabzon, Turkey
Tunceli, Turkey
Usak, Turkey
Van, Turkey
Yozgat, Turkey
Zonguldak, Turkey
Karabuk, Turkey
Ashgabat, Turkmenistan
Nebitdag, Turkmenistan
Dashhowuz, Turkmenistan
Tashauz, Turkmenistan
Charjew, Turkmenistan
Chardzhou, Turkmenistan
Mary, Turkmenistan
Abu Dhabi, United Arab Emirates
Dubai, United Arab Emirates
Al Ayn, United Arab Emirates
Sharjah, United Arab Emirates
Andijon, Uzbekistan
Bukhoro, Uzbekistan
Farghona, Uzbekistan
Quqon, Uzbekistan
Kokand, Uzbekistan
Marghilon, Uzbekistan
Jizzakh, Uzbekistan
Urganch, Uzbekistan
Namangan, Uzbekistan
Nawoiy, Uzbekistan
Qarshi, Uzbekistan
Samarqand, Uzbekistan
Guliston, Uzbekistan
Termiz, Uzbekistan
Tashkent, Uzbekistan
Toshkent, Uzbekistan
Chirchiq, Uzbekistan
Angren, Uzbekistan
Olmaliq, Uzbekistan
Nukus, Uzbekistan
Hanoi, Vietnam
Haiphong, Vietnam
Can Tho, Vietnam
Ho Chi Minh City, Vietnam
Saigon, Vietnam
Da Nang, Vietnam
Nha Trang, Vietnam
Hue, Vietnam
Nam Dinh, Vietnam
Long Xuyen, Vietnam
Qui Nhon, Vietnam
Thai Nguyen, Vietnam
Vung Tau, Vietnam
Hong Gai, Vietnam
Cam Pha, Vietnam
Viet Tri, Vietnam
Sanaa, Yemen
The Valley, Anguilla
Saint Johns, Antigua and Barbuda
La Plata, Argentina
La Matanza, Argentina
Moron, Argentina
Lomas de Zamoras, Argentina
Mar del Plata, Argentina
Quilmes, Argentina
Lanus, Argentina
General San Martin, Argentina
Avellaneda, Argentina
San Isidro, Argentina
Vicente Lopez, Argentina
Bahia Blanca, Argentina
San Nicolas de los Arroyos, Argentina
San Fernando del Valle de Catamarca, Argentina
San Fernando, Argentina
Resistencia, Argentina
Comodoro Rivadavia, Argentina
Rawson, Argentina
Cordoba, Argentina
Rio Cuarto, Argentina
Corrientes, Argentina
Parana, Argentina
Concordia, Argentina
Formosa, Argentina
San Salvador de Jujuy, Argentina
Santa Rosa, Argentina
La Rioja, Argentina
Mendoza, Argentina
Posadas, Argentina
Neuquen, Argentina
Viedma, Argentina
Salta, Argentina
San Juan, Argentina
San Luis, Argentina
Rio Gallegos, Argentina
Santa Fe, Argentina
Rosario, Argentina
Santiago del Estero La Banda, Argentina
Santiago del Estero, Argentina
Ushuaia, Argentina
San Miguel de Tucuman, Argentina
Buenos Aires, Argentina
Oranjestad, Aruba
Nassau, Bahamas
Bridgetown, Barbados
Belmopan, Belize
La Paz, Bolivia
Sucre, Bolivia
Cochabamba, Bolivia
Contagem, Brazil
Campos dos Goytacazes, Brazil
Betim, Brazil
Ribeirao das Neves, Brazil
Sumare, Brazil
Sao Jose dos Pinhais, Brazil
Santa Barbara dOeste, Brazil
Alvorada, Brazil
Cabo de Santo Agostinho, Brazil
Hortolandia, Brazil
Sapucaia do Sul, Brazil
Ibirite, Brazil
Abaetetuba, Brazil
Nossa Senhora do Socorro, Brazil
Rio Branco, Brazil
Maceio, Brazil
Macapa, Brazil
Manaus, Brazil
Salvador, Brazil
Feira de Santana, Brazil
Ilheus, Brazil
Vitoria da Conquista, Brazil
Itabuna, Brazil
Juazeiro, Brazil
Jequie, Brazil
Camacari, Brazil
Alagoinhas, Brazil
Barreiras, Brazil
Fortaleza, Brazil
Caucaia, Brazil
Juazeiro do Norte, Brazil
Maracanau, Brazil
Sobral, Brazil
Cariacica, Brazil
Vila Velha, Brazil
Serra, Brazil
Vitoria, Brazil
Cachoeiro de Itapemirim, Brazil
Colatina, Brazil
Linhares, Brazil
Goiania, Brazil
Anapolis, Brazil
Araguaina, Brazil
Luziania, Brazil
Rio Verde, Brazil
Sao Luis, Brazil
Imperatriz, Brazil
Caxias, Brazil
Timon, Brazil
Codo, Brazil
Cuiaba, Brazil
Varzea Grande, Brazil
Rondonopolis, Brazil
Campo Grande, Brazil
Dourados, Brazil
Parnaiba, Brazil
Belo Horizonte, Brazil
Uberlandia, Brazil
Juiz de Fora, Brazil
Montes Claros, Brazil
Uberaba, Brazil
Governador Valadares, Brazil
Ipatinga, Brazil
Divinopolis, Brazil
Sete Lagoas, Brazil
Teofilo Otoni, Brazil
Pocos de Caldas, Brazil
Patos de Minas, Brazil
Itapecerica da Serra, Brazil
Barbacena, Brazil
Sabara, Brazil
Varginha, Brazil
Belem, Brazil
Ananindeua, Brazil
Santarem, Brazil
Maraba, Brazil
Castanhal, Brazil
Itaituba, Brazil
Joao Pessoa, Brazil
Campina Grande, Brazil
Santa Luzia, Brazil
Santa Rita, Brazil
Curitiba, Brazil
Londrina, Brazil
Maringa, Brazil
Ponta Grossa, Brazil
Foz do Iguacu, Brazil
Cascavel, Brazil
Colombo, Brazil
Guarapuava, Brazil
Paranagua, Brazil
Apucarana, Brazil
Recife, Brazil
Jaboatao dos Guararapes, Brazil
Paulista, Brazil
Caruaru, Brazil
Gravatai, Brazil
Petrolina, Brazil
Vitoria de Santo Antao, Brazil
Camaragibe, Brazil
Garanhuns, Brazil
Teresina, Brazil
Rio de Janeiro, Brazil
Sao Goncalo, Brazil
Novo Iguacu, Brazil
Duque de Caxias, Brazil
Niteroi, Brazil
Sao Joao de Meriti, Brazil
Belfort Roxo, Brazil
Olinda, Brazil
Petropolis, Brazil
Volta Redonda, Brazil
Mage, Brazil
Nova Friburgo, Brazil
Barra Mansa, Brazil
Itaborai, Brazil
Nilopolis, Brazil
Teresopolis, Brazil
Macae, Brazil
Queimados, Brazil
Cabo Frio, Brazil
Natal, Brazil
Mossoro, Brazil
Porto Alegre, Brazil
Caxias do Sul, Brazil
Pelotas, Brazil
Canoas, Brazil
Santa Maria, Brazil
Novo Hamburgo, Brazil
Viamao, Brazil
Sao Leopoldo, Brazil
Rio Grande, Brazil
Passo Fundo, Brazil
Uruguaiana, Brazil
Bage, Brazil
Santa Cruz do Sul, Brazil
Porto Velho, Brazil
Boa Vista, Brazil
Joinvile, Brazil
Florianopolis, Brazil
Blumenau, Brazil
Criciuma, Brazil
Praia Grande, Brazil
Sao Jose, Brazil
Lages, Brazil
Itajai, Brazil
Chapeco, Brazil
Sao Paulo, Brazil
Guarulhos, Brazil
Campinas, Brazil
Sao Bernardo do Campo, Brazil
Santo Andre, Brazil
Osasco, Brazil
Sao Jose dos Campos, Brazil
Ribeirao Preto, Brazil
Sorocaba, Brazil
Santos, Brazil
Maua, Brazil
Carapicuiba, Brazil
Sao Jose do Rio Preto, Brazil
Diadema, Brazil
Moji das Cruzes, Brazil
Piracicaba, Brazil
Jundiai, Brazil
Bauru, Brazil
Sao Vicente, Brazil
Franca, Brazil
Aparecida de Goiania, Brazil
Limeira, Brazil
Itaquaquecetuba, Brazil
Guaruja, Brazil
Taubate, Brazil
Embu, Brazil
Taboao da Serra, Brazil
Suzano, Brazil
Marilia, Brazil
Presidente Prudente, Brazil
Barueri, Brazil
Sao Carlos, Brazil
Jacarei, Brazil
Americana, Brazil
Araraquara, Brazil
Aracatuba, Brazil
Rio Claro, Brazil
Sao Caetano do Sul, Brazil
Itapevi, Brazil
Cotia, Brazil
Itu, Brazil
Indaiatuba, Brazil
Ferraz de Vasconcelos, Brazil
Moji Guacu, Brazil
Pindamonhangaba, Brazil
Itapetininga, Brazil
Braganca Paulista, Brazil
Francisco Morato, Brazil
Barretos, Brazil
Jau, Brazil
Catanduva, Brazil
Botucatu, Brazil
Ribeirao Pires, Brazil
Aracaju, Brazil
Arapiraca, Brazil
Palmas, Brazil
Brasilia, Brazil
Road Town, British Virgin Islands
Surrey, Canada
Edmonton, Canada
Calgary, Canada
Vancouver, Canada
Burnaby, Canada
Victoria, Canada
Winnipeg, Canada
Fredericton, Canada
Saint Johns, Canada
Yellowknife, Canada
Halifax, Canada
Ottawa, Canada
Glouchester, Canada
Vaughan, Canada
London, Canada
Hamilton, Canada
Scarborough, Canada
York, Canada
Toronto, Canada
Kitchener, Canada
Windsor, Canada
Oshawa, Canada
North York, Canada
Mississauga, Canada
Etobicoke, Canada
Brampton, Canada
Markham, Canada
Burlington, Canada
Saint Catharines, Canada
Thunder Bay, Canada
Nepean, Canada
East York, Canada
Charlottetown, Canada
Laval, Canada
Montreal, Canada
Quebec, Canada
Longueuil, Canada
Richmond, Canada
Regina, Canada
Saskatoon, Canada
Whitehorse, Canada
George Town, Cayman Islands
Santiago, Chile
Valparaiso, Chile
Leticia, Colombia
Medellin, Colombia
Bello, Colombia
Itagui, Colombia
Turbo, Colombia
Envigado, Colombia
Arauca, Colombia
Barranquilla, Colombia
Soledad, Colombia
Malambo, Colombia
Cartagena, Colombia
Mangangue, Colombia
Tunja, Colombia
Manizales, Colombia
Florencia, Colombia
Yopal, Colombia
Popayan, Colombia
Valledupar, Colombia
Quibdo, Colombia
Monteria, Colombia
Bogota, Colombia
Soacha, Colombia
Puerto Inirida, Colombia
Cienaga, Colombia
Riohacha, Colombia
San Jose del Guaviare, Colombia
Neiva, Colombia
Santa Marta, Colombia
Villavicencio, Colombia
Pasto, Colombia
Tumaco, Colombia
Cucuta, Colombia
Mocoa, Colombia
Armenia, Colombia
Pereira, Colombia
Dosquebradas, Colombia
San Andres, Colombia
Bogota, Colombia
Bucaramanga, Colombia
Floridablanca, Colombia
Barrancabermeja, Colombia
Sincelejo, Colombia
Ibague, Colombia
Cali, Colombia
Buenaventura, Colombia
Palmira, Colombia
Tulua, Colombia
Cartago, Colombia
Mitu, Colombia
Puerto Carreno, Colombia
San Jose, Costa Rica
Alajuela, Costa Rica
Cartago, Costa Rica
Heredia, Costa Rica
Liberia, Costa Rica
Puntarenas, Costa Rica
Limon, Costa Rica
Camaguey, Cuba
Ciego de Avila, Cuba
Cienfuegos, Cuba
Havana, Cuba
La Habana, Cuba
Bayamo, Cuba
Manzanillo, Cuba
Guantanamo, Cuba
Holguin, Cuba
Havana, Cuba
La Habana, Cuba
Victoria de las Tunas, Cuba
Matanzas, Cuba
Pinar del Rio, Cuba
Sancti Spiritus, Cuba
Santiago de Cuba, Cuba
Santa Clara, Cuba
Nueva Gerona, Cuba
Roseau, Dominica
Santo Domingo, Dominican Republic
Quito, Ecuador
Guayaquil, Ecuador
Soyapango, El Salvador
Mejicanos, El Salvador
Delgado, El Salvador
Apopa, El Salvador
Ahuachapan, El Salvador
Sensuntepeque, El Salvador
Cojutepeque, El Salvador
Chalatenango, El Salvador
Nueva San Salvador, El Salvador
Zacatecoluca, El Salvador
La Union, El Salvador
San Francisco Gotera, El Salvador
San Miguel, El Salvador
San Salvador, El Salvador
San Vicente, El Salvador
Santa Ana, El Salvador
Sonsonate, El Salvador
Usulutan, El Salvador
Cayenne, French Guiana
Saint Georges, Grenada
Basse-Terre, Guadeloupe
Guatemala, Guatemala
Guatemala City, Guatemala
Mixco, Guatemala
Villa Nueva, Guatemala
Georgetown, Guyana
Port-au-Prince, Haiti
La Ceiba, Honduras
Tela, Honduras
Trujillo, Honduras
Comayagua, Honduras
Santa Rosa de Copan, Honduras
San Pedro Sula, Honduras
Puerto Cortes, Honduras
Choluteca, Honduras
Danli, Honduras
Yuscaran, Honduras
Tegucigalpa, Honduras
Siguatepeque, Honduras
Puerto Lempira, Honduras
La Esperanza, Honduras
Roatan, Honduras
La Paz, Honduras
Gracias, Honduras
Ocotepeque, Honduras
Jutigalpa, Honduras
Santa Barbara, Honduras
Nacaome, Honduras
El Progreso, Honduras
Olanchito, Honduras
Yoro, Honduras
Kingston, Jamaica
Fort-de-France, Martinique
Veracruz, Mexico
Llave, Mexico
Atizapan de Zaragoza, Mexico
Soledad de Graciano Sanchez, Mexico
San Pedro Garza Garcia, Mexico
Ciudad Apodaca, Mexico
Aguascalientes, Mexico
Mexicali, Mexico
Tijuana, Mexico
Ensenada, Mexico
La Paz, Mexico
Campeche, Mexico
Tuxtla Gutierrez, Mexico
Nezahualcoyotl, Mexico
Tonala, Mexico
Tapachula, Mexico
Chihuahua, Mexico
Juarez, Mexico
Saltillo, Mexico
Torreon, Mexico
Monclova, Mexico
Colima, Mexico
Victoria de Durango, Mexico
Gomez Palacio, Mexico
Durango, Mexico
Leon, Mexico
Salamanca, Mexico
Irapuato, Mexico
Celaya, Mexico
Guanajuato, Mexico
Acapulco, Mexico
Chilpancingo, Mexico
Pachuca, Mexico
Pachuca de Soto, Mexico
Guadalajara, Mexico
Zapopan, Mexico
Tlaquepaque, Mexico
Cuautla, Mexico
Toluca, Mexico
Toluca de Lerdo, Mexico
Morelia, Mexico
Uruapan, Mexico
Zamora, Mexico
Cuernavaca, Mexico
Tepic, Mexico
Monterrey, Mexico
Guadalupe, Mexico
San Nicolas de los Garza, Mexico
Ciudad Santa Catarina, Mexico
Oaxaca, Mexico
Puebla, Mexico
Tehuacan, Mexico
Queretaro, Mexico
Cancun, Mexico
Chetumal, Mexico
San Luis Potosi, Mexico
Culiacan, Mexico
Mazatlan, Mexico
Los Mochis, Mexico
Hermosillo, Mexico
Ciudad Obregon, Mexico
Heroica Nogales, Mexico
Villahermosa, Mexico
Ciudad Victoria, Mexico
Tampico, Mexico
Matamoros, Mexico
Reynosa, Mexico
Nuevo Laredo, Mexico
Ciudad Madero, Mexico
Tlaxcala, Mexico
Cordoba, Mexico
Xalapa Enriquez, Mexico
Coatzacoalcos, Mexico
Poza Rica, Mexico
Minatitlan, Mexico
Orizaba, Mexico
Jalapa, Mexico
Merida, Mexico
Zacatecas, Mexico
Mexico, Mexico
Mexico City, Mexico
Ciudad de Mexico, Mexico
Plymouth, Montserrat
Willemstad, Netherlands Antilles
Managua, Nicaragua
Leon, Nicaragua
Chinandega, Nicaragua
Masaya, Nicaragua
Bocas del Toro, Panama
Penonome, Panama
Colon, Panama
El Porvenir, Panama
David, Panama
La Palma, Panama
Chitre, Panama
Las Tablas, Panama
Panama, Panama
Panama City, Panama
San Miguelito, Panama
Santiago, Panama
Asuncion, Paraguay
Chachapoyas, Peru
Chimbote, Peru
Huaraz, Peru
Abancay, Peru
Arequipa, Peru
Ayacucho, Peru
Cajamarca, Peru
Callao, Peru
Cuzco, Peru
Cusco, Peru
Huancavelica, Peru
Huanuco, Peru
Ica, Peru
Chincha Alta, Peru
Huancayo, Peru
Trujillo, Peru
Chiclayo, Peru
Lima, Peru
Iquitos, Peru
Puerto Maldonado, Peru
Moquegua, Peru
Cerro de Pasco, Peru
Piura, Peru
Sullana, Peru
Talara, Peru
Puno, Peru
Juliaca, Peru
Moyobamba, Peru
Tacna, Peru
Tumbes, Peru
Pucallpa, Peru
San Juan, Puerto Rico
Basseterre, Saint Kitts and Nevis
Castries, Saint Lucia
Saint-Pierre, Saint Pierre and Miquelon
Kingstown, Saint Vincent and the Grenadines
Paramaribo, Suriname
Port-of-Spain, Trinidad and Tobago
Grand Turk, Turks and Caicos Islands
Birmingham, United States
Mobile, United States
Montgomery, United States
Huntsville, United States
Anchorage, United States
Juneau, United States
Phoenix, United States
Tucson, United States
Mesa, United States
Glendale, United States
Scottsdale, United States
Tempe, United States
Chandler, United States
Little Rock, United States
Los Angeles, United States
San Diego, United States
San Jose, United States
San Francisco, United States
Long Beach, United States
Fresno, United States
Sacramento, United States
Oakland, United States
Santa Ana, United States
Anaheim, United States
Riverside, United States
Stockton, United States
Bakersfield, United States
Huntington Beach, United States
Fremont, United States
Glendale, United States
San Bernardino, United States
Modesto, United States
Chula Vista, United States
Oxnard, United States
Garden Grove, United States
Oceanside, United States
Ontario, United States
Moreno Valley, United States
Torrance, United States
Pomona, United States
Pasadena, United States
Irvine, United States
Sunnyvale, United States
Santa Clarita, United States
Santa Rosa, United States
Hayward, United States
Fullerton, United States
Orange, United States
Rancho Cucamonga, United States
Escondido, United States
Lancaster, United States
Concord, United States
Concord, United States
Thousand Oaks, United States
Salinas, United States
Inglewood, United States
El Monte, United States
Vallejo, United States
Simi Valley, United States
Palmdale, United States
Fontana, United States
Berkeley, United States
West Covina, United States
Costa Mesa, United States
Norwalk, United States
Corona, United States
Denver, United States
Colorado Springs, United States
Aurora, United States
Lakewood, United States
Fort Collins, United States
Bridgeport, United States
Hartford, United States
New Haven, United States
Stamford, United States
Waterbury, United States
Dover, United States
Jacksonville, United States
Miami, United States
Tampa, United States
St. Petersburg, United States
Hialeah, United States
Orlando, United States
Fort Lauderdale, United States
Tallahassee, United States
Hollywood, United States
Coral Springs, United States
Pembroke Pines, United States
Clearwater, United States
Columbus, United States
Columbus, United States
Atlanta, United States
Savannah, United States
Macon, United States
Honolulu, United States
Hilo, United States
Boise City, United States
Boise, United States
Chicago, United States
Springfield, United States
Springfield, United States
Springfield, United States
Rockford, United States
Aurora, United States
Peoria, United States
Naperville, United States
Indianapolis, United States
Fort Wayne, United States
Evansville, United States
Gary, United States
South Bend, United States
Des Moines, United States
Cedar Rapids, United States
Kansas City, United States
Kansas City, United States
Wichita, United States
Overland Park, United States
Topeka, United States
Louisville, United States
Lexington Fayette, United States
Frankfort, United States
New Orleans, United States
Baton Rouge, United States
Shreveport, United States
Lafayette, United States
Augusta, United States
Baltimore, United States
Annapolis, United States
Boston, United States
Worcester, United States
Springfield, United States
Springfield, United States
Springfield, United States
Lowell, United States
Detroit, United States
Grand Rapids, United States
Warren, United States
Flint, United States
Lansing, United States
Sterling Heights, United States
Ann Arbor, United States
Livonia, United States
Minneapolis, United States
St. Paul, United States
Jackson, United States
Kansas City, United States
Kansas City, United States
St. Louis, United States
Springfield, United States
Springfield, United States
Springfield, United States
Independence, United States
Jefferson City, United States
Helena, United States
Omaha, United States
Lincoln, United States
Las Vegas, United States
Reno, United States
Henderson, United States
Carson City, United States
Concord, United States
Concord, United States
Manchester, United States
Newark, United States
Jersey City, United States
Paterson, United States
Elizabeth, United States
Trenton, United States
Albuquerque, United States
Santa Fe, United States
New York, United States
Buffalo, United States
Rochester, United States
Yonkers, United States
Syracuse, United States
Albany, United States
Charlotte, United States
Raleigh, United States
Greensboro, United States
Winston Salem, United States
Durham, United States
Hendersonville, United States
Bismarck, United States
Columbus, United States
Columbus, United States
Cleveland, United States
Cincinnati, United States
Toledo, United States
Akron, United States
Dayton, United States
Oklahoma City, United States
Tulsa, United States
Portland, United States
Eugene, United States
Salem, United States
Philadelphia, United States
Pittsburgh, United States
Erie, United States
Allentown, United States
Harrisburg, United States
Providence, United States
Columbia, United States
Sioux Falls, United States
Pierre, United States
Rapid City, United States
Memphis, United States
Nashville Davidson, United States
Knoxville, United States
Chattanooga, United States
Nashville, United States
Houston, United States
San Antonio, United States
Dallas, United States
El Paso, United States
Austin, United States
Fort Worth, United States
Arlington, United States
Corpus Christi, United States
Lubbock, United States
Plano, United States
Garland, United States
Irving, United States
Amarillo, United States
Laredo, United States
Brownsville, United States
Pasadena, United States
Mesquite, United States
Beaumont, United States
Grand Prairie, United States
Abilene, United States
Waco, United States
McAllen, United States
Wichita Falls, United States
Paris, United States
Salt Lake City, United States
Montpelier, United States
Virginia Beach, United States
Norfolk, United States
Richmond, United States
Chesapeake, United States
Newport News, United States
Arlington, United States
Hampton, United States
Alexandria, United States
Portsmouth, United States
Williamsburg, United States
Seattle, United States
Spokane, United States
Tacoma, United States
Olympia, United States
Charleston, United States
Milwaukee, United States
Madison, United States
Green Bay, United States
Cheyenne, United States
Washington, United States
Montevideo, Uruguay
Turmero, Venezuela
Santa Ana de Coro, Venezuela
Puerto Ayacucho, Venezuela
Barcelona, Venezuela
Puerto La Cruz, Venezuela
San Fernando, Venezuela
Maracay, Venezuela
Barinas, Venezuela
Ciudad Bolivar, Venezuela
Ciudad Guayana, Venezuela
Valencia, Venezuela
Puerto Cabello, Venezuela
Guacara, Venezuela
San Carlos, Venezuela
Tucupita, Venezuela
Coro, Venezuela
San Juan, Venezuela
Barquisimeto, Venezuela
Merida, Venezuela
Los Teques, Venezuela
Petare, Venezuela
Baruta, Venezuela
Guarenas, Venezuela
Maturin, Venezuela
La Ascuncion, Venezuela
Acarigua, Venezuela
Guanare, Venezuela
Cumana, Venezuela
San Cristobal, Venezuela
Trujillo, Venezuela
San Felipe, Venezuela
Maracaibo, Venezuela
Cabimas, Venezuela
Caracas, Venezuela
Catia La Mar, Venezuela
Charlotte Amalie, Virgin Islands
Pago Pago, American Samoa
Newcastle, Australia
Sydney, Australia
Wollongong, Australia
Geelong, Australia
Sunshine Coast, Australia
Darwin, Australia
Brisbane, Australia
Gold Coast, Australia
Townsville, Australia
Adelaide, Australia
Hobart, Australia
Melbourne, Australia
Perth, Australia
Albany, Australia
Canberra, Australia
Bantam Village, Australia
Flying Fish Cove, Australia
Kingston, Australia
Hamilton, Bermuda
The Settlement, Christmas Island
West Island, Cocos Islands
Avarua, Cook Islands
Stanley, Falkland Islands
Suva, Fiji
Papeete, French Polynesia
Nuuk, Greenland
Agana, Guam
Tarawa, Kiribati
Male, Maldives
Majuro, Marshall Islands
Port Louis, Mauritius
Kolonia, Micronesia
no official capital, Nauru
Noumea, New Caledonia
Wellington, New Zealand
Auckland, New Zealand
Alofi, Niue
Kingston, Norfolk Island
Saipan, Northern Mariana Islands
Koror, Palau
Adamstown, Pitcairn Islands
Saint-Denis, Reunion
Jamestown, Saint Helena
Victoria, Seychelles
Honiara, Solomon Islands
Nukualofa, Tonga
Funafuti, Tuvalu
Port-Vila, Vanuatu
Mata-Utu, Wallis and Futuna
Apia, Western Samoa
Algiers, Algeria
Annaba, Algeria
Batna, Algeria
Bechar, Algeria
Sidi bel Abbes, Algeria
Skikda, Algeria
Tebessa, Algeria
Oran, Algeria
Constantine, Algeria
Setif, Algeria
Blida, Algeria
Bejaia, Algeria
Mostaganem, Algeria
Tlemcen, Algeria
Cabinda, Angola
Mbanza Congo, Angola
Uige, Angola
Luanda, Angola
Ndalatando, Angola
Sumbe, Angola
Malanje, Angola
Lucapa, Angola
Saurimo, Angola
Benguela, Angola
Huambo, Angola
Bie, Angola
Luena, Angola
Menongue, Angola
Namibe, Angola
Lubango, Angola
Caxito, Angola
Ngiva, Angola
Porto-Novo, Benin
Gaborone, Botswana
Ouagadougou, Burkina Faso
Bujumbura, Burundi
Ngaoundere, Cameroon
Yaounde, Cameroon
Bertoua, Cameroon
Maroua, Cameroon
Douala, Cameroon
Garoua, Cameroon
Bamenda, Cameroon
Bafoussam, Cameroon
Ebolowa, Cameroon
Buea, Cameroon
Praia, Cape Verde
Bangui, Central African Republic
NDjamena, Chad
Moroni, Comoros
Brazzaville, Congo
Yamoussoukro, Cote dIvoire
Abidjan, Cote dIvoire
Djibouti, Djibouti
Hurghada, Egypt
Marsa Matruh, Egypt
El Tur, Egypt
El Arish, Egypt
El Kharga, Egypt
Damanhur, Egypt
Kafr el Dauwar, Egypt
El Mansura, Egypt
Dumyat, Egypt
Tanta, Egypt
El Mahalla el Kubra, Egypt
Ismailiya, Egypt
Kafr el Sheikh, Egypt
Shibin el Kom, Egypt
Benha, Egypt
Shubra el Kheima, Egypt
Zagazig, Egypt
Aswan, Egypt
Asyut, Egypt
Beni Suef, Egypt
El Faiyum, Egypt
El Giza, Egypt
El Minya, Egypt
Qena, Egypt
El Uqsur, Egypt
Sohag, Egypt
Port Said, Egypt
Bur Said, Egypt
Alexandria, Egypt
El Iskandariya, Egypt
Cairo, Egypt
Helwan, Egypt
El Qahira, Egypt
Suez, Egypt
El Suweiz, Egypt
Malabo, Equatorial Guinea
Sta. Isabel, Equatorial Guinea
Asmara, Eritrea
Addis Ababa, Ethiopia
Addis Abeba, Ethiopia
Dire Dawa, Ethiopia
Gonder, Ethiopia
Nazret, Ethiopia
Harer, Ethiopia
Harar, Ethiopia
Mekele, Ethiopia
Jima, Ethiopia
Jimma, Ethiopia
Dese, Ethiopia
Bahir Dar, Ethiopia
Debre Zevit, Ethiopia
Debrezit, Ethiopia
Libreville, Gabon
Accra, Ghana
Kumasi, Ghana
Cape Coast, Ghana
Tamale, Ghana
Tema, Ghana
Takoradi, Ghana
Sekondi, Ghana
Conakry, Guinea
Bissau, Guinea-Bissau
Nyeri, Kenya
Thika, Kenya
Mombasa, Kenya
Malindi, Kenya
Machakos, Kenya
Meru, Kenya
Embu, Kenya
Nairobi, Kenya
Garissa, Kenya
Kisumu, Kenya
Kisii, Kenya
Nakuru, Kenya
Eldoret, Kenya
Kitale, Kenya
Kericho, Kenya
Kakamega, Kenya
Maseru, Lesotho
Monrovia, Liberia
Tripoli, Libya
Bengasi, Libya
Antsiranana, Madagascar
Diego Suarez, Madagascar
Antananarivo, Madagascar
Antsirabe, Madagascar
Fianarantsoa, Madagascar
Mahajanga, Madagascar
Majunga, Madagascar
Toamasina, Madagascar
Tamatave, Madagascar
Toliary, Madagascar
Lilongwe, Malawi
Bamako, Mali
Nouakchott, Mauritania
Mamoutzou, Mayotte
Rabat, Morocco
Agadir, Morocco
Fes, Morocco
Kenitra, Morocco
Khouribga, Morocco
Marrakech, Morocco
Meknes, Morocco
Oujda, Morocco
Safi, Morocco
Tanger, Morocco
Casablanca, Morocco
Beni Mellal, Morocco
Tetouan, Morocco
Matala, Mozambique
Pemba, Mozambique
Xai Xai, Mozambique
Inhambane, Mozambique
Chimoio, Mozambique
Maputo, Mozambique
Nacala, Mozambique
Nampula, Mozambique
Lichinga, Mozambique
Beira, Mozambique
Tete, Mozambique
Quelimane, Mozambique
Maputo, Mozambique
Windhoek, Namibia
Niamey, Niger
Abuja, Nigeria
Makurdi, Nigeria
Maiduguri, Nigeria
Calabar, Nigeria
Benin City, Nigeria
Enugu, Nigeria
Kaduna, Nigeria
Kano, Nigeria
Katsina, Nigeria
Ilorin, Nigeria
Lagos, Nigeria
Minna, Nigeria
Abeokuta, Nigeria
Ondo, Nigeria
Akure, Nigeria
Oshogbo, Nigeria
Oyo, Nigeria
Ibadan, Nigeria
Jos, Nigeria
Port Harcourt, Nigeria
Sokoto, Nigeria
Ogbomosho, Nigeria
Zaria, Nigeria
Ilesha, Nigeria
Onitsha, Nigeria
Iwo, Nigeria
Ado Ekiti, Nigeria
Mushin, Nigeria
Ede, Nigeria
Aba, Nigeria
Ife, Nigeria
Ila, Nigeria
Ikerre, Nigeria
Iseyin, Nigeria
Ilobu, Nigeria
Offa, Nigeria
Ikorodu, Nigeria
Ilawe Ekiti, Nigeria
Owo, Nigeria
Ikirun, Nigeria
Shaki, Nigeria
Gusau, Nigeria
Ijebu Ode, Nigeria
Effon Alaiye, Nigeria
Kumo, Nigeria
Shomolu, Nigeria
Oka, Nigeria
Ikare, Nigeria
Sapele, Nigeria
Deba Habe, Nigeria
Aarri, Nigeria
Bida, Nigeria
Ikire, Nigeria
Lafia, Nigeria
Inisa, Nigeria
Shagamu, Nigeria
Kigali, Rwanda
Sao Tome, Sao Tome and Principe
Dakar, Senegal
Diourbel, Senegal
Fatick, Senegal
Kaolack, Senegal
Kolda, Senegal
Louga, Senegal
Saint Louis, Senegal
Tambacounda, Senegal
Thies, Senegal
Ziguinchor, Senegal
Freetown, Sierra Leone
Mogadishu, Somalia
Ibhayi, South Africa
Diepmeadow, South Africa
Lekoa, South Africa
Tembisa, South Africa
Katlehong, South Africa
Evaton, South Africa
Khayalitsha, South Africa
Roodepoort, South Africa
Mamelodi, South Africa
Daveyton, South Africa
Soshanguve, South Africa
Germiston, South Africa
Mangaung, South Africa
Alexandra, South Africa
Boksburg, South Africa
Carletonville, South Africa
Benoni, South Africa
Kempton Park, South Africa
Sandton, South Africa
Port Elizabeth, South Africa
East London, South Africa
King Williams Town, South Africa
Bloemfontein, South Africa
Pretoria, South Africa
Johannesburg, South Africa
Soweto, South Africa
Pietermaritzburg, South Africa
Durban, South Africa
Nelspruit, South Africa
Kimberley, South Africa
Pietersburg, South Africa
Mmabatho, South Africa
Cape Town, South Africa
Malakal, Sudan
Waw, Sudan
Nyala, Sudan
al Fasher, Sudan
Juba, Sudan
Khartoum, Sudan
Omdurman, Sudan
Khartoum North, Sudan
al Ubayyid, Sudan
ad Damir, Sudan
Kassala, Sudan
Port Sudan, Sudan
al Qadarif, Sudan
Wad Madani, Sudan
Mbabane, Swaziland
Dodoma, Tanzania
Arusha, Tanzania
Moshi, Tanzania
Tanga, Tanzania
Morogoro, Tanzania
Dar es Salaam, Tanzania
Dar es Salaam, Tanzania
Lindi, Tanzania
Mtwara Mikandani, Tanzania
Songea, Tanzania
Iringa, Tanzania
Mbeya, Tanzania
Singida, Tanzania
Tabora, Tanzania
Sumbawanga, Tanzania
Kigoma Ujiji, Tanzania
Shinyanga, Tanzania
Bukoba, Tanzania
Mwanza, Tanzania
Musoma, Tanzania
Mkokotoni, Tanzania
Koani, Tanzania
Zanzibar, Tanzania
Wete, Tanzania
Chake Cahke, Tanzania
Banjul, Gambia
Lome, Togo
Tunis, Tunisia
Kampala, Uganda
El Aaiun, Western Sahara
Kikwit, Zaire
Bandundu, Zaire
Matadi, Zaire
Boma, Zaire
Mbandaka, Zaire
Kisangani, Zaire
Kananga, Zaire
Tshikapa, Zaire
Mbuji Mayi, Zaire
Mwene Ditu, Zaire
Kalemi, Zaire
Bukavu, Zaire
Uvira, Zaire
Butembo, Zaire
Goma, Zaire
Lubumbashi, Zaire
Kolwezi, Zaire
Likasi, Zaire
Kinshasa, Zaire
Kabwe, Zambia
Ndola, Zambia
Kitwe, Zambia
Chingola, Zambia
Mufulira, Zambia
Luanshya, Zambia
Chipata, Zambia
Mansa, Zambia
Lusaka, Zambia
Kasama, Zambia
Solwezi, Zambia
Livingstone, Zambia
Mongu, Zambia
Harare, Zimbabwe
